window_idx,time_center,significant,p_value
0,-0.75,False,0.6066786642671466
1,-0.25,False,0.6350729854029195
2,0.25,False,1.0
3,0.75,False,0.5110977804439112
4,1.25,False,0.21475704859028194
