n_pairs,mean_A,mean_B,mean_diff,t_stat,p_val,n_subjects_A,n_subjects_B
136,0.5243047550308004,0.5304853257410256,-0.006180570710225271,-1.213570399235359,0.22703076716432885,1,1
