n_pairs,mean_A,mean_B,mean_diff,t_stat,p_val
136,0.5347636165840118,0.5347507108477694,-0.0006812509248156055,-0.1188455266148685,0.9055784124549059
136,0.5303560330522807,0.5322106832368566,-0.0020178108847565984,-0.3963503568806394,0.6924914486425671
136,0.5243047550308004,0.5304853257410256,-0.006180570710225271,-1.213570399235359,0.22703076716432885
136,0.5210551364310944,0.5328195822826572,-0.011701443696855534,-2.2816675133916062,0.02408554560158652
136,0.5253474050066184,0.5327930694755225,-0.006945190210118787,-1.22193878115687,0.22389207402730818
