n_pairs,mean_A,mean_B,mean_diff,t_stat,p_val
188,0.5225542938597835,0.5241346077094936,-0.0018938499756507832,-0.5259234506596974,0.5995923551057238
188,0.5217051278744533,0.5194763070711995,0.001199594421090033,0.35168201883696876,0.7254835777134572
188,0.522653268652851,0.522113461910302,0.0011409826794415534,0.3771555930178333,0.706499808953055
188,0.5227597250786236,0.5227786008144296,-4.2031331697923466e-05,-0.013737864419765395,0.9890542455735305
188,0.5248802548651509,0.5224206803855855,0.00218954411295226,0.6121675819459287,0.5412080745147452
