n_pairs,mean_A,mean_B,mean_diff,t_stat,p_val,n_subjects_A,n_subjects_B
136,0.5256727431151133,0.5284616150444358,-0.002788871929322469,-1.9697357032456266,0.05091570480776566,1,1
