n_pairs,mean_A,mean_B,mean_diff,t_stat,p_val
120,0.5175919899287881,0.5155700144916134,0.0020219754371747236,1.22618954767935,0.22254823233175655
